b,kappa,n,n_out,phi,bulk_mad,out_med,out_q90,eps_hat,pos_frac,q95_pos,q99_pos
0,4,0,0,,,,,,,,
1,4,0,0,,,,,,,,
2,4,0,0,,,,,,,,
3,4,0,0,,,,,,,,
4,4,0,0,,,,,,,,
5,4,0,0,,,,,,,,
6,4,6797352,0,0.005,0.0,,,0.0,,,
7,4,1384896,0,0.005,1.7673960841193546e-07,,,0.0,,,
8,4,1030699,7,0.005,2.120864850712678e-06,0.005212295800447464,0.01415075995028019,6.791507510922199e-06,1.0,0.014150901604443789,0.014151014927774668
9,4,1026103,48,0.005,2.456129416823387e-05,0.005299927666783333,0.01955604720860722,4.6778929600634634e-05,1.0,0.029671957064419986,0.10005976416170598
10,4,1023710,990,0.005,0.00018159891235409304,0.004913727520033717,0.010714079812169075,0.0009670707524591925,1.0,0.01759744994342327,0.06050181280821562
11,4,1019885,12931,0.005,0.0009190474375616759,0.005987995304167271,0.011687797494232655,0.012678880462012874,0.9614105637615034,0.01653218176215887,0.03332092128694072
12,4,1028329,16124,0.014484199897475736,0.0035454741781577466,0.016281203366816044,0.03442388027906418,0.015679806754453098,0.936988340362193,0.04660015534609549,0.10368259996175766
13,4,1023921,12062,0.04041791978769105,0.009114482521265744,0.04656670428812504,0.08952751085162163,0.011780205699463142,0.9379041618305421,0.11776773445308188,0.22194252863526323
14,4,1023921,9122,0.09534948735396465,0.017990222856402397,0.10057507827877998,0.1857062190771103,0.008908890431976686,0.9135058101293576,0.2266474127769458,0.4042796090245229
15,4,1023923,7635,0.17595495367984826,0.030007991740107536,0.17881986498832703,0.2996319115161897,0.007456615390024445,0.8730844793713163,0.37454645037651063,0.6245776081085205
16,4,1023921,5803,0.28663943595393293,0.04895309497117996,0.2714691758155823,0.43906840682029724,0.0056674294208244585,0.8500775460968465,0.5126848101615906,0.8174777936935379
17,4,1023921,5747,0.4444375951999595,0.07376018986701965,0.39813870191574097,0.5916660904884343,0.005612737701443764,0.6826170175743866,0.6637251496315002,1.008249282836914
18,4,1023921,6077,0.6470334391996516,0.11036483598947525,0.5645424127578735,0.8036152362823487,0.005935028190651427,0.5135757775218035,0.8136257886886596,1.152862606048584
19,4,1023922,9077,0.8824302035302434,0.17528477153778074,0.8126535415649414,1.242077922821045,0.008864933071073774,0.2997686460284235,0.9312915802001952,1.2334697818756104
0,5,0,0,,,,,,,,
1,5,0,0,,,,,,,,
2,5,0,0,,,,,,,,
3,5,0,0,,,,,,,,
4,5,0,0,,,,,,,,
5,5,0,0,,,,,,,,
6,5,6797352,0,0.005,0.0,,,0.0,,,
7,5,1384896,0,0.005,1.7673960841193546e-07,,,0.0,,,
8,5,1030699,7,0.005,2.120864850712678e-06,0.005212295800447464,0.01415075995028019,6.791507510922199e-06,1.0,0.014150901604443789,0.014151014927774668
9,5,1026103,38,0.005,2.456129416823387e-05,0.006547447061166167,0.024966925382614163,3.703331926716909e-05,1.0,0.040249572042375704,0.10008133880794048
10,5,1023710,571,0.005,0.00018159891235409304,0.006685907021164894,0.016979889944195747,0.0005577751511658575,1.0,0.024137492291629314,0.1255254492163658
11,5,1019885,8814,0.005,0.0009190474375616759,0.007448100484907627,0.014164468646049498,0.008642150830730916,0.9965963240299524,0.019330493547022348,0.041872154846787454
12,5,1028329,12879,0.014484199897475736,0.0035454741781577466,0.01966756023466587,0.038722168654203415,0.01252420188480535,0.9923907135647178,0.05430846661329238,0.10879956901073454
13,5,1023921,9477,0.04041791978769105,0.009114482521265744,0.05161925405263901,0.09825669229030609,0.009255596867336445,0.9926136963174,0.13247079849243146,0.2512941360473633
14,5,1023921,6786,0.09534948735396465,0.017990222856402397,0.10387853160500526,0.18850582838058472,0.0066274644235248615,0.9882110226937814,0.25994230806827545,0.4757039248943329
15,5,1023923,5348,0.17595495367984826,0.030007991740107536,0.1874309703707695,0.32405132353305816,0.005223048998801667,0.9734480179506357,0.440872064232826,0.7221479415893555
16,5,1023921,3667,0.28663943595393293,0.04895309497117996,0.3062761723995209,0.4796788096427918,0.0035813309815894,0.9462776111262613,0.5872060060501099,0.9257461047172547
17,5,1023921,2188,0.4444375951999595,0.07376018986701965,0.4999992996454239,0.7373223304748535,0.002136883607231417,0.7938756855575868,0.8391845166683197,1.2171994185447694
18,5,1023921,1992,0.6470334391996516,0.11036483598947525,0.7365126609802246,0.9904369354248047,0.0019454625893989869,0.47540160642570284,1.0380733191967007,1.4439745938777906
19,5,1023922,4304,0.8824302035302434,0.17528477153778074,0.9890948534011841,1.4987058639526367,0.004203445184301148,0.18726765799256506,1.0687086880207062,1.4230387210845947
0,6,0,0,,,,,,,,
1,6,0,0,,,,,,,,
2,6,0,0,,,,,,,,
3,6,0,0,,,,,,,,
4,6,0,0,,,,,,,,
5,6,0,0,,,,,,,,
6,6,6797352,0,0.005,0.0,,,0.0,,,
7,6,1384896,0,0.005,1.7673960841193546e-07,,,0.0,,,
8,6,1030699,3,0.005,2.120864850712678e-06,0.014150571078062057,0.014150948822498321,2.910646076109514e-06,1.0,0.014150996040552855,0.01415103381499648
9,6,1026103,23,0.005,2.456129416823387e-05,0.008518798276782036,0.02969040870666504,2.2414903766970762e-05,1.0,0.09292237777262916,0.10011370077729226
10,6,1023710,411,0.005,0.00018159891235409304,0.007445196621119976,0.021751368418335915,0.0004014808881421496,1.0,0.0287491325289011,0.12650920301675794
11,6,1019885,6215,0.005,0.0009190474375616759,0.00787026435136795,0.016576475277543076,0.006093824303720518,1.0,0.023686130531132173,0.044505637139081955
12,6,1028329,7491,0.014484199897475736,0.0035454741781577466,0.01899767853319645,0.04793348163366318,0.00728463361433938,1.0,0.06477827578783035,0.14207543432712555
13,6,1023921,3676,0.04041791978769105,0.009114482521265744,0.07372142747044563,0.1395866796374321,0.0035901207222041546,1.0,0.18996505811810493,0.3587488681077957
14,6,1023921,2588,0.09534948735396465,0.017990222856402397,0.15175224095582962,0.2678317666053777,0.002527538745664949,1.0,0.3495839953422547,0.6054146653413783
15,6,1023923,1980,0.17595495367984826,0.030007991740107536,0.2726643234491348,0.4541442364454272,0.0019337391581202884,0.998989898989899,0.574060246348381,0.937192870974541
16,6,1023921,1308,0.28663943595393293,0.04895309497117996,0.4359946697950363,0.6514868974685669,0.001277442302677648,0.9870030581039755,0.7522468358278275,1.1886213159561156
17,6,1023921,1101,0.4444375951999595,0.07376018986701965,0.6016891002655029,0.8391842842102051,0.0010752782685382954,0.8973660308810173,1.0082658529281616,1.4904451370239258
18,6,1023921,1079,0.6470334391996516,0.11036483598947525,0.8138052225112915,1.0828477144241333,0.0010537922359244512,0.6227988878591288,1.1970766663551324,1.5739926815032963
19,6,1023922,2020,0.8824302035302434,0.17528477153778074,1.2148425579071045,1.828275775909424,0.0019728065223718213,0.12673267326732673,1.2154898762702941,1.5827792215347278
