phi,n,bulk,n_out,out,out_pos,src
,0,,0,,,paired fresh (lag 0)
,0,,0,,,paired fresh (lag 0)
,0,,0,,,paired fresh (lag 0)
,0,,0,,,paired fresh (lag 0)
,0,,0,,,paired fresh (lag 0)
0.005,187426,0.0,1,0.19113510847092385,1.0,paired fresh (lag 0)
0.005,34650,1.7673960841193546e-07,0,,,paired fresh (lag 0)
0.005,32493,3.534791325478181e-07,0,,,paired fresh (lag 0)
0.005,32692,1.2371738035653834e-06,2,0.08770253324178157,1.0,paired fresh (lag 0)
0.005,31972,3.888232786630396e-06,5,0.05487388751953404,1.0,paired fresh (lag 0)
0.005,32016,1.5375058783683925e-05,9,0.029675555422727484,1.0,paired fresh (lag 0)
0.005,31937,8.376182055508251e-05,19,0.034426687983796,1.0,paired fresh (lag 0)
0.005,31931,0.0006271656106546288,274,0.020865681930445135,1.0,paired fresh (lag 0)
0.014287101229151444,31933,0.006476225612685084,906,0.07406375650316477,1.0,paired fresh (lag 0)
0.18242556912715124,31932,0.07781293043643235,694,0.6460537314414978,1.0,paired fresh (lag 0)
0.9241594783934072,31933,0.44842412502765655,326,3.0618778467178345,0.5122699386503068,paired fresh (lag 0)
,0,,0,,,paired stale (lag 29)
,0,,0,,,paired stale (lag 29)
,0,,0,,,paired stale (lag 29)
,0,,0,,,paired stale (lag 29)
,0,,0,,,paired stale (lag 29)
0.005,187426,0.0,33,0.043328844010829926,1.0,paired stale (lag 29)
0.005,34650,8.836978735075717e-07,65,0.0336705371738617,1.0,paired stale (lag 29)
0.005,32493,2.474351062448932e-06,116,0.04867948778013442,1.0,paired stale (lag 29)
0.005,32692,6.892793741053537e-06,187,0.04858315736919394,1.0,paired stale (lag 29)
0.005,31972,1.9971124115181737e-05,380,0.0380561985548411,1.0,paired stale (lag 29)
0.005,32016,7.723156992033181e-05,997,0.037966552197758574,1.0,paired stale (lag 29)
0.005,31937,0.0004958265953406226,2976,0.03832301913644187,1.0,paired stale (lag 29)
0.005,31931,0.003952504568535369,7644,0.04771579088992439,1.0,paired stale (lag 29)
0.014287101229151444,31933,0.029646902882494032,9863,0.1412331536412239,1.0,paired stale (lag 29)
0.18242556912715124,31932,0.2177610694695788,4045,0.7082639448344707,1.0,paired stale (lag 29)
0.9241594783934072,31933,1.708750234168768,12128,4.22385211661458,0.0162434036939314,paired stale (lag 29)
,0,,0,,,champion train early (c=0.61)
0.005,74718,0.0,3,0.05012348294258118,1.0,champion train early (c=0.61)
0.005,45908,1.7673965054996188e-07,4,0.13775478862229207,1.0,champion train early (c=0.61)
0.005,43258,5.302175610950143e-07,5,0.029076153412574968,1.0,champion train early (c=0.61)
0.005,42973,1.4139168672954836e-06,3,0.0487547479647219,1.0,champion train early (c=0.61)
0.005,42644,3.534847116225137e-06,11,0.035603139591330546,1.0,champion train early (c=0.61)
0.005,41522,9.367280572223534e-06,29,0.0212189353787835,1.0,champion train early (c=0.61)
0.005,41725,2.7925596892964676e-05,71,0.035026928890147246,1.0,champion train early (c=0.61)
0.005,41601,9.787187555994024e-05,225,0.03783825620485004,1.0,champion train early (c=0.61)
0.005,41599,0.0004074362530605867,692,0.0377511484985007,1.0,champion train early (c=0.61)
0.005,41595,0.0017981356530217454,2408,0.032196848071180284,1.0,champion train early (c=0.61)
0.011070305419647153,41582,0.007621516771428287,3524,0.07175291981548071,1.0,champion train early (c=0.61)
0.04418980100277159,41607,0.027310264686495063,2415,0.23248707503080368,1.0,champion train early (c=0.61)
0.14921225745004285,41595,0.0790738908201456,1091,0.6502449214458466,1.0,champion train early (c=0.61)
0.4161549251415858,41595,0.19921492826342582,239,1.4805792570114136,1.0,champion train early (c=0.61)
0.8582970970565691,41595,0.5379730018615723,1808,4.256378777325153,0.01327433628318584,champion train early (c=0.61)
,0,,0,,,champion train mid (c=1.28)
,0,,0,,,champion train mid (c=1.28)
,0,,0,,,champion train mid (c=1.28)
0.005,118078,0.0,11,0.16160820424556732,1.0,champion train mid (c=1.28)
0.005,28731,3.5347963820413496e-07,18,0.08907569199804755,1.0,champion train mid (c=1.28)
0.005,30137,1.0604381561279297e-06,16,0.09141056612287457,1.0,champion train mid (c=1.28)
0.005,29767,3.0045808435716025e-06,26,0.10614453256948764,1.0,champion train mid (c=1.28)
0.005,29749,8.837137005502882e-06,55,0.090036168721781,1.0,champion train mid (c=1.28)
0.005,29689,2.863040089359856e-05,162,0.09570803244059789,1.0,champion train mid (c=1.28)
0.005,29575,0.00011888107838312862,317,0.08887038103421219,1.0,champion train mid (c=1.28)
0.005,29571,0.0006348078332404838,906,0.07773572999576572,1.0,champion train mid (c=1.28)
0.005,29578,0.003594438613379316,2595,0.07745989388786256,1.0,champion train mid (c=1.28)
0.012620544846347892,29573,0.017892491329461337,3284,0.18063184898346663,1.0,champion train mid (c=1.28)
0.06525642760908434,29572,0.07360430821962655,1521,0.6445600911974907,1.0,champion train mid (c=1.28)
0.3055769743787791,29574,0.2620655292123556,198,1.7864709943532944,1.0,champion train mid (c=1.28)
0.8808060679562889,29573,1.1610622421605512,1259,8.79170149564743,0.0015885623510722795,champion train mid (c=1.28)
,0,,0,,,champion train late (c=1.67)
,0,,0,,,champion train late (c=1.67)
,0,,0,,,champion train late (c=1.67)
,0,,0,,,champion train late (c=1.67)
0.005,112460,0.0,13,0.20230059325695038,1.0,champion train late (c=1.67)
0.005,36555,3.5347938537597654e-07,49,0.11309477686887703,1.0,champion train late (c=1.67)
0.005,27128,1.0604438868995202e-06,51,0.13100151717787867,1.0,champion train late (c=1.67)
0.005,24983,3.5347830664250066e-06,84,0.12821915746008017,1.0,champion train late (c=1.67)
0.005,25443,1.0427585235083824e-05,121,0.11285213387054682,1.0,champion train late (c=1.67)
0.005,25178,3.853469117111672e-05,251,0.114590214103373,1.0,champion train late (c=1.67)
0.005,25159,0.00020731290875264675,618,0.11264210099034244,1.0,champion train late (c=1.67)
0.005,25205,0.0013696211635891814,1651,0.11261213629040867,1.0,champion train late (c=1.67)
0.005,25176,0.008819189329189249,3687,0.1313982472056523,1.0,champion train late (c=1.67)
0.033100981407629626,25176,0.05012432902277796,2464,0.4653606591746211,1.0,champion train late (c=1.67)
0.2553918475131599,25176,0.26245975814312694,286,1.6134103834629059,1.0,champion train late (c=1.67)
0.9241419189434331,25176,1.622121276559308,1231,11.052517533302307,0.0016246953696181965,champion train late (c=1.67)
