arch,initialization,iteration,C,lam,C_next,lambda_next,operator_change,A,gamma,E_Delta,kappa
moe,"(100.0, 0.3054785754470709)",0,100.0,0.3054785754470709,3.6078508094457664,0.11931032015529214,3.508226189866309,3.8062655671439876,-1.4536669801798872,0.5225148528388401,162.28885751970904
moe,"(100.0, 0.3054785754470709)",1,3.6078508094457664,0.11931032015529214,4.655792493899708,0.05775890479907394,0.2549998905610127,3.4635959346953227,-0.9857447562838357,0.48041331162467016,148.6668767800827
moe,"(100.0, 0.3054785754470709)",2,4.655792493899708,0.05775890479907394,4.238477253585356,0.0761184240480088,0.09390807554165503,3.586668653611158,-1.123706741382807,0.5159430373496993,153.06653865811245
moe,"(100.0, 0.3054785754470709)",3,4.238477253585356,0.0761184240480088,4.358048027946435,0.06945804614245243,0.027820190668165212,3.550421730111608,-1.0623558309171754,0.5186053028442119,151.78210721232813
moe,"(100.0, 0.3054785754470709)",4,4.358048027946435,0.06945804614245243,4.324511878498764,0.07131248043913412,0.007724983549177278,3.5605008779646483,-1.0797159394868634,0.5178992200957891,152.13984815635337
moe,"(100.0, 0.3054785754470709)",5,4.324511878498764,0.07131248043913412,4.333952050520245,0.07079051635647046,0.0021805659385853993,3.5576572596206493,-1.0748436347648782,0.5181046795525147,152.03900489995044
moe,"(100.0, 0.3054785754470709)",6,4.333952050520245,0.07079051635647046,4.331296746302144,0.070937342774504,0.0006128627956270005,3.558456614608297,-1.0762151144484382,0.5180473607089269,152.06736163131922
moe,"(100.0, 0.3054785754470709)",7,4.331296746302144,0.070937342774504,4.332043784709799,0.07089603963770169,0.00017245966653001155,3.5582316877770297,-1.0758293476160266,0.5180635261313352,152.05938329730742
moe,"(1.0, 0.0)",0,1.0,0.0,100.0,0.4197988093240107,5.024968995312102,-1.850762176061588,-0.791712696246231,0.6363547541268273,126.33102975521126
moe,"(1.0, 0.0)",1,100.0,0.4197988093240107,3.6078508094457664,0.11931032015529214,3.6225464237432483,3.8062655671439876,-1.4536669801798872,0.5225148528388401,162.28885751970904
moe,"(1.0, 0.0)",2,3.6078508094457664,0.11931032015529214,4.655792493899708,0.05775890479907394,0.2549998905610127,3.4635959346953227,-0.9857447562838357,0.48041331162467016,148.6668767800827
moe,"(1.0, 0.0)",3,4.655792493899708,0.05775890479907394,4.238477253585356,0.0761184240480088,0.09390807554165503,3.586668653611158,-1.123706741382807,0.5159430373496993,153.06653865811245
moe,"(1.0, 0.0)",4,4.238477253585356,0.0761184240480088,4.358048027946435,0.06945804614245243,0.027820190668165212,3.550421730111608,-1.0623558309171754,0.5186053028442119,151.78210721232813
moe,"(1.0, 0.0)",5,4.358048027946435,0.06945804614245243,4.324511878498764,0.07131248043913412,0.007724983549177278,3.5605008779646483,-1.0797159394868634,0.5178992200957891,152.13984815635337
moe,"(1.0, 0.0)",6,4.324511878498764,0.07131248043913412,4.333952050520245,0.07079051635647046,0.0021805659385853993,3.5576572596206493,-1.0748436347648782,0.5181046795525147,152.03900489995044
moe,"(1.0, 0.0)",7,4.333952050520245,0.07079051635647046,4.331296746302144,0.070937342774504,0.0006128627956270005,3.558456614608297,-1.0762151144484382,0.5180473607089269,152.06736163131922
moe,"(1.0, 0.0)",8,4.331296746302144,0.070937342774504,4.332043784709799,0.07089603963770169,0.00017245966653001155,3.5582316877770297,-1.0758293476160266,0.5180635261313352,152.05938329730742
moe,"(1.0, 1.0)",0,1.0,1.0,8.221965004303566,-0.10225322125917674,2.106809232118242,2.7574162094355086,-0.5974712464661691,0.38282567688664376,129.5705397784758
moe,"(1.0, 1.0)",1,8.221965004303566,-0.10225322125917674,3.6268630915338,0.11456272739429592,0.8184411195567127,3.7998018002120744,-1.4364705251749201,0.5183771029362829,162.09294621506012
moe,"(1.0, 1.0)",2,3.6268630915338,0.11456272739429592,4.648727084224149,0.05804495301717552,0.24822532423450383,3.4655721903212973,-0.9877767626303513,0.48045169799935017,148.7349149403302
moe,"(1.0, 1.0)",3,4.648727084224149,0.05804495301717552,4.240524060840149,0.07599473993422454,0.09190657593517337,3.586042694377848,-1.1226682564985477,0.5159894059114746,153.04462648546018
moe,"(1.0, 1.0)",4,4.240524060840149,0.07599473993422454,4.35747893441309,0.06948950098803787,0.027206803210885644,3.5505922711195876,-1.0626514635332587,0.5185937919624494,151.78817072181664
moe,"(1.0, 1.0)",5,4.35747893441309,0.06948950098803787,4.324672234228924,0.07130361620486482,0.007557310552967156,3.5604525342928044,-1.0796332608732326,0.5179027478914164,152.13813450764007
moe,"(1.0, 1.0)",6,4.324672234228924,0.07130361620486482,4.333906959041016,0.07079301009281982,0.002133081677141435,3.55767083088149,-1.0748669316564263,0.5181037094563021,152.03948640311273
moe,"(1.0, 1.0)",7,4.333906959041016,0.07079301009281982,4.331309433136401,0.07093664135253985,0.000599529397734333,3.5584527944662123,-1.0762085635937377,0.5180476354932285,152.0672261334654
moe,"(1.0, 1.0)",8,4.331309433136401,0.07093664135253985,4.3320402156716575,0.070896236973297,0.00016870669351121137,3.5582327623137555,-1.0758311908091602,0.5180634489708416,152.0594214135856
moe,"(0.75, 2.0)",0,0.75,2.0,0.75,2.0,0.0,,,,
moe,"(1.5, 0.5)",0,1.5,0.5,6.626980996772496,-0.04782634795940363,1.4856842374477897,3.00761032457801,-0.7010549727441073,0.3638464238056237,134.12331931471368
moe,"(1.5, 0.5)",1,6.626980996772496,-0.04782634795940363,3.7142097757415464,0.10705730737497128,0.5789834017914477,3.766152523875606,-1.387302294353386,0.5157976527730084,160.50393632201082
moe,"(1.5, 0.5)",2,3.7142097757415464,0.10705730737497128,4.595912677612434,0.0596049309280265,0.2130014163923415,3.4806006635701427,-1.0017799014793578,0.4966329577621072,149.27168333949817
moe,"(1.5, 0.5)",3,4.595912677612434,0.0596049309280265,4.256004796057281,0.07509055672966361,0.07683648122498132,3.581310566256048,-1.1147965586672832,0.516338564988107,152.87818765746397
moe,"(1.5, 0.5)",4,4.256004796057281,0.07509055672966361,4.353164009846235,0.06972807400985517,0.022572060357011647,3.5518858576372834,-1.0648922372130505,0.5185062114804656,151.8341485126332
moe,"(1.5, 0.5)",5,4.353164009846235,0.06972807400985517,4.325887874954086,0.07123641389508154,0.0062855309672151805,3.56008608987572,-1.0790063848592113,0.5179294513931513,152.12514404566252
moe,"(1.5, 0.5)",6,4.325887874954086,0.07123641389508154,4.333565111861518,0.07081191527433425,0.001773146394024705,3.557773720702336,-1.0750435419126652,0.5180963513786446,152.04313681475037
moe,"(1.5, 0.5)",7,4.333565111861518,0.07081191527433425,4.331405613448713,0.07093132376906733,0.0004984433360419871,3.5584238338168377,-1.0761589002005267,0.5180497183853395,152.06619891249477
moe,"(1.5, 0.5)",8,4.331405613448713,0.07093132376906733,4.332013158312577,0.07089773299906675,0.00014025522276273072,3.558240908543298,-1.0758451642547984,0.5180628639845566,152.05971037849974
